song_title,artist,rank_s,tempo
Heat Waves,Glass Animals,1,80.87
STAY (with Justin Bieber),"The Kid LAROI, Justin Bieber",1,169.928
abcdefu,GAYLE,1,121.932
Peaches (feat. Daniel Caesar & Giveon),"Justin Bieber, Daniel Caesar, Giveon",1,90.03
Sunflower - Spider-Man: Into the Spider-Verse,"Post Malone, Swae Lee",1,89.96
Easy On Me,Adele,1,141.981
All Too Well (10 Minute Version) (Taylor's Version) (From The Vault),Taylor Swift,1,93.023
Mood (feat. iann dior),"24kGoldn, iann dior",1,91.007
positions,Ariana Grande,1,144.015
Señorita,"Shawn Mendes, Camila Cabello",1,116.967
Dance Monkey,Tones And I,1,98.029
HUMBLE.,Kendrick Lamar,1,150.011
Circles,Post Malone,1,120.042
Shape of You,Ed Sheeran,1,95.977
Glimpse of Us,Joji,1,169.914
Running Up That Hill (A Deal With God),Kate Bush,1,108.375
Starboy,"The Weeknd, Daft Punk",1,186.003
DÁKITI,"Bad Bunny, Jhay Cortez",1,109.928
Blinding Lights,The Weeknd,1,171.005
Call Out My Name,The Weeknd,1,134.17
Beggin',Måneskin,1,134.002
MONTERO (Call Me By Your Name),Lil Nas X,1,178.781
drivers license,Olivia Rodrigo,1,143.875
good 4 u,Olivia Rodrigo,1,166.928
"Quevedo: Bzrp Music Sessions, Vol. 52","Bizarrap, Quevedo",1,128.033
As It Was,Harry Styles,1,173.93
Something Just Like This,"The Chainsmokers, Coldplay",2,103.019
Memories,Maroon 5,2,91.05
INDUSTRY BABY (feat. Jack Harlow),"Lil Nas X, Jack Harlow",2,150.087
Todo De Ti,Rauw Alejandro,2,127.962
Dynamite,BTS,2,114.044
Don't Start Now,Dua Lipa,2,123.95
One Kiss (with Dua Lipa),"Calvin Harris, Dua Lipa",2,123.994
Moscow Mule,Bad Bunny,2,99.968
Me Porto Bonito,"Bad Bunny, Chencho Corleone",2,92.005
Late Night Talking,Harry Styles,2,114.996
Butter,BTS,2,109.997
Closer,"The Chainsmokers, Halsey",2,95.01
First Class,Jack Harlow,2,107.005
Save Your Tears,The Weeknd,2,118.051
Kiss Me More (feat. SZA),"Doja Cat, SZA",3,110.97
Ojitos Lindos,"Bad Bunny, Bomba Estéreo",3,79.928
My Universe,"Coldplay, BTS",3,105.006
Yonaguni,Bad Bunny,3,179.951
Astronaut In The Ocean,Masked Wolf,3,149.996
Shallow,"Lady Gaga, Bradley Cooper",3,95.799
N95,Kendrick Lamar,3,139.956
Boy With Luv (feat. Halsey),"BTS, Halsey",3,119.947
Sacrifice,The Weeknd,3,122.0
Fair Trade (with Travis Scott),"Drake, Travis Scott",3,167.937
Enemy (with JID) - from the series Arcane League of Legends,"Imagine Dragons, JID, Arcane, League of Legends",3,77.011
Oh My God,Adele,3,88.098
deja vu,Olivia Rodrigo,3,180.917
Bad Habits,Ed Sheeran,3,126.011
THATS WHAT I WANT,Lil Nas X,3,87.981
Lucid Dreams,Juice WRLD,3,83.903
RAPSTAR,Polo G,3,81.039
Envolver,Anitta,3,91.993
Someone You Loved,Lewis Capaldi,4,109.891
Perfect,Ed Sheeran,4,95.05
Shivers,Ed Sheeran,4,141.02
Cold Heart - PNAU Remix,"Elton John, Dua Lipa, PNAU",4,116.032
Watermelon Sugar,Harry Styles,4,95.39
Pepas,Farruko,4,130.001
Tití Me Preguntó,Bad Bunny,4,106.672
Levitating (feat. DaBaby),"Dua Lipa, DaBaby",4,102.977
Godzilla (feat. Juice WRLD),"Eminem, Juice WRLD",4,165.995
Save Your Tears (Remix) (with Ariana Grande) - Bonus Track,"The Weeknd, Ariana Grande",5,118.091
There's Nothing Holdin' Me Back,Shawn Mendes,5,121.998
Permission to Dance,BTS,5,124.925
Save Your Tears (with Ariana Grande) (Remix),"The Weeknd, Ariana Grande",5,118.091
Matilda,Harry Styles,5,114.199
MAMIII,"Becky G, KAROL G",5,93.991
Way 2 Sexy (with Future & Young Thug),"Drake, Future, Young Thug",5,136.008
Leave The Door Open,"Bruno Mars, Anderson .Paak, Silk Sonic",5,148.088
MONEY,LISA,5,140.026
Woman,Doja Cat,6,107.998
Adore You,Harry Styles,6,99.048
Need to Know,Doja Cat,6,130.041
PROVENZA,KAROL G,6,111.005
Music For a Sushi Restaurant,Harry Styles,6,107.041
Party,"Bad Bunny, Rauw Alejandro",6,97.013
DESPECHÁ,ROSALÍA,6,130.037
Happier Than Ever,Billie Eilish,6,81.055
traitor,Olivia Rodrigo,7,100.607
Jimmy Cooks (feat. 21 Savage),"Drake, 21 Savage",7,165.921
Callaita,"Bad Bunny, Tainy",7,176.086
Take My Breath - Single Version,The Weeknd,7,120.996
Left and Right (Feat. Jung Kook of BTS),"Charlie Puth, Jung Kook, BTS",7,101.058
Jocelyn Flores,XXXTENTACION,7,134.021
Después de la Playa,Bad Bunny,7,78.293
Say You Won't Let Go,James Arthur,7,85.043
Efecto,Bad Bunny,7,98.047
Yet To Come,BTS,7,172.029
Moth To A Flame (with The Weeknd),"Swedish House Mafia, The Weeknd",7,120.122
We Don't Talk About Bruno,"Carolina Gaitán - La Gaita, Mauro Castillo, Adassa, Rhenzy Feliz, Diane Guerrero, Stephanie Beatriz, Encanto - Cast",8,205.863
Desesperados,"Rauw Alejandro, Chencho Corleone",8,90.02
I WANNA BE YOUR SLAVE,Måneskin,8,132.507
Little Freak,Harry Styles,8,141.96
Heartbreak Anniversary,Giveon,8,89.087
Smokin Out The Window,"Bruno Mars, Anderson .Paak, Silk Sonic",8,82.03
Die Hard,"Kendrick Lamar, Blxst, Amanda Reifer",8,100.988
Brividi,"Mahmood, BLANCO",9,122.962
One Right Now (with The Weeknd),"Post Malone, The Weeknd",9,97.014
love nwantiti (ah ah ah),CKay,9,93.005
About Damn Time,Lizzo,9,108.965
Do It To It,"ACRAZE, Cherish",9,124.927
Streets,Doja Cat,9,90.035
Tarot,"Bad Bunny, Jhay Cortez",9,114.011
Qué Más Pues?,"J Balvin, Maria Becerra",9,102.014
The Business,Tiësto,9,120.031
Bad Habit,Steve Lacy,10,168.946
WAIT FOR U (feat. Drake & Tems),"Future, Drake, Tems",10,83.389
Falling Back,Drake,10,118.989
Knife Talk (with 21 Savage ft. Project Pat),"Drake, 21 Savage, Project Pat",10,145.887
Volví,"Aventura, Bad Bunny",10,175.896
Stay Alive (Prod. SUGA of BTS),Jung Kook,10,130.096
Out of Time,The Weeknd,10,93.057
I Like You (A Happier Song) (with Doja Cat),"Post Malone, Doja Cat",10,100.964
Un Ratito,Bad Bunny,10,93.05
Daylight,Harry Styles,10,145.5
Ghost,Justin Bieber,11,153.96
Run BTS,BTS,11,77.004
Bohemian Rhapsody - Remastered 2011,Queen,11,71.105
Grapejuice,Harry Styles,11,182.928
Infinity,Jaymes Young,11,121.963
Boyfriend,Dove Cameron,11,179.773
United In Grief,Kendrick Lamar,11,85.63
Yo No Soy Celoso,Bad Bunny,11,142.004
august,Taylor Swift,11,89.937
favorite crime,Olivia Rodrigo,11,172.929
Is There Someone Else?,The Weeknd,11,134.951
Heather,Conan Gray,12,102.078
One Dance,"Drake, WizKid, Kyla",12,103.967
happier,Olivia Rodrigo,12,168.924
Lost in the Fire (feat. The Weeknd),"Gesaffelstein, The Weeknd",12,100.966
BREAK MY SOUL,Beyoncé,12,114.942
Lo Siento BB:/ (with Bad Bunny & Julieta Venegas),"Tainy, Bad Bunny, Julieta Venegas",12,169.888
I Ain't Worried,OneRepublic,13,139.994
La Bachata,Manuel Turizo,13,124.98
Wake Me Up,Avicii,13,124.08
Cinema,Harry Styles,13,105.993
Gasoline,The Weeknd,13,123.006
Te Felicito,"Shakira, Rauw Alejandro",13,174.14
goosebumps,Travis Scott,13,130.049
Bam Bam,"Camila Cabello, Ed Sheeran",13,94.996
you broke me first,Tate McRae,13,124.148
AM Remix,"Nio Garcia, J Balvin, Bad Bunny",14,172.031
Sign of the Times,Harry Styles,14,119.972
pushin P (feat. Young Thug),"Gunna, Future, Young Thug",14,77.502
Me Fui de Vacaciones,Bad Bunny,14,85.046
How Do I Make You Love Me?,The Weeknd,14,121.006
Father Time (feat. Sampha),"Kendrick Lamar, Sampha",14,152.869
love nwantiti (feat. Dj Yo! & AX'EL) - Remix,"CKay, Dj Yo!, AX'EL",14,119.9
MIDDLE OF THE NIGHT,Elley Duhé,14,185.727
La Santa,"Bad Bunny, Daddy Yankee",14,93.037
Satellite,Harry Styles,14,138.984
Doja,Central Cee,15,140.04
Neverita,Bad Bunny,15,122.016
Life Goes On,Oliver Tree,15,79.982
Bad Decisions (with BTS & Snoop Dogg),"benny blanco, BTS, Snoop Dogg",15,120.048
You Right,"Doja Cat, The Weeknd",15,128.986
Friday (feat. Mufasa & Hypeman) - Dopamine Re-Edit,"Riton, Nightcrawlers, Mufasa & Hypeman, Dopamine",15,122.98
Love Of My Life,Harry Styles,15,118.057
Believer,Imagine Dragons,16,124.949
Praise God,Kanye West,16,118.029
Super Freaky Girl,Nicki Minaj,16,133.01
Una Noche en Medellín,Cris Mj,16,96.018
Daydreaming,Harry Styles,16,113.971
Fingers Crossed,Lauren Spencer Smith,17,109.414
"jealousy, jealousy",Olivia Rodrigo,17,163.929
LA CANCIÓN,"J Balvin, Bad Bunny",17,176.089
Rich Spirit,Kendrick Lamar,17,95.977
Sweetest Pie,"Megan Thee Stallion, Dua Lipa",17,123.977
Sticky,Drake,17,137.027
I Was Never There,"The Weeknd, Gesaffelstein",17,113.26
La Corriente,"Bad Bunny, Tony Dize",17,196.12
X ÚLTIMA VEZ,"Daddy Yankee, Bad Bunny",18,90.04
Cooped Up (with Roddy Ricch),"Post Malone, Roddy Ricch",18,93.923
Massive,Drake,18,124.994
Where Are You Now,"Lost Frequencies, Calum Scott",18,120.966
"Residente: Bzrp Music Sessions, Vol. 49","Bizarrap, Residente",18,71.378
Thousand Miles,The Kid LAROI,18,80.565
I Hate U,SZA,19,106.703
Dos Mil 16,Bad Bunny,19,130.058
Something In The Way,Nirvana,19,104.506
Keep Driving,Harry Styles,19,164.948
Volando - Remix,"Mora, Bad Bunny, Sech",19,153.979
Before You Go,Lewis Capaldi,19,111.881
"Paulo Londra: Bzrp Music Sessions, Vol. 23","Bizarrap, Paulo Londra",19,95.927
Light Switch,Charlie Puth,19,184.009
Un Verano Sin Ti,Bad Bunny,20,187.844
The Joker And The Queen (feat. Taylor Swift),"Ed Sheeran, Taylor Swift",20,133.83
Master Of Puppets,Metallica,20,105.173
Worldwide Steppers,Kendrick Lamar,20,77.215
Andrea,"Bad Bunny, Buscabulla",21,103.071
I Love You So,The Walters,21,75.977
Silent Hill,"Kendrick Lamar, Kodak Black",21,140.07
When You're Gone,Shawn Mendes,21,147.148
That That (prod. & feat. SUGA of BTS),"PSY, SUGA",21,129.969
STAYING ALIVE (feat. Drake & Lil Baby),"DJ Khaled, Drake, Lil Baby",21,129.953
We Cry Together,"Kendrick Lamar, Taylour Paige",22,106.89
Take My Breath,The Weeknd,22,121.02
Ain't Shit,Doja Cat,22,124.097
Boyfriends,Harry Styles,22,118.029
Aguacero,Bad Bunny,22,121.391
MORE,j-hope,22,97.031
SAD GIRLZ LUV MONEY Remix (feat. Kali Uchis and Moliy),"Amaarae, Kali Uchis, Moliy",23,110.02
"Surface Pressure - From ""Encanto""/Soundtrack Version",Jessica Darrow,23,180.042
Arcade,Duncan Laurence,23,72.017
The Motto,"Tiësto, Ava Max",23,117.953
Less Than Zero,The Weeknd,23,142.981
Toxic,BoyWithUke,23,179.629
Otro Atardecer,"Bad Bunny, The Marías",24,108.02
ALIEN SUPERSTAR,Beyoncé,24,121.892
Count Me Out,Kendrick Lamar,24,133.999
Meet Me At Our Spot,"THE ANXIETY, WILLOW, Tyler Cole",24,94.995
lovely (with Khalid),"Billie Eilish, Khalid",24,115.284
True Love,"Kanye West, XXXTENTACION",24,84.042
Un Coco,Bad Bunny,25,151.991
"Here We Go… Again (feat. Tyler, the Creator)","The Weeknd, Tyler, The Creator",25,134.943
GIVENCHY,Duki,25,102.974
Texts Go Green,Drake,25,118.997
Best Friends,The Weeknd,26,90.0
SNAP,Rosa Linn,26,170.01
Vegas (From the Original Motion Picture Soundtrack ELVIS),Doja Cat,26,159.969
Surface Pressure,Jessica Darrow,26,180.088
Potion (with Dua Lipa & Young Thug),"Calvin Harris, Dua Lipa, Young Thug",26,99.987
Purple Hearts,"Kendrick Lamar, Summer Walker, Ghostface Killah",27,138.202
TV,Billie Eilish,27,140.214
Dawn FM,The Weeknd,27,111.65
Cigarettes,Juice WRLD,27,160.014
Enséñame a Bailar,Bad Bunny,27,105.009
A Keeper,Drake,28,121.909
Sunroof,"Nicky Youre, dazy",28,131.443
I Heard You’re Married (feat. Lil Wayne),"The Weeknd, Lil Wayne",28,109.946
El Apagón,Bad Bunny,28,117.765
I’m Tired (with Zendaya) - Bonus Track,"Labrinth, Zendaya",29,131.721
Still D.R.E.,"Dr. Dre, Snoop Dogg",29,93.431
Wildest Dreams (Taylor's Version),Taylor Swift,29,140.061
Savior,"Kendrick Lamar, Baby Keem, Sam Dew",29,124.84
Honest (feat. Don Toliver),"Justin Bieber, Don Toliver",29,150.002
Sweater Weather,The Neighbourhood,29,124.053
Falling,Harry Styles,29,110.011
family ties (with Kendrick Lamar),"Baby Keem, Kendrick Lamar",30,134.093
Agosto,Bad Bunny,30,115.018
For Youth,BTS,30,116.855
Calling My Name,Drake,30,123.985
CUFF IT,Beyoncé,30,115.042
Until I Found You,Stephen Sanchez,30,101.358
In My Head,Lil Tjay,30,143.049
Another Love,Tom Odell,31,122.758
Without Me,Eminem,31,112.238
2055,Sleepy Hallow,31,80.511
"1, 2, 3 (feat. Jason Derulo & De La Ghetto)","Sofía Reyes, Jason Derulo, De La Ghetto",31,94.968
With you,"Jimin, HA SUNG WOON",32,149.898
Under The Influence,Chris Brown,32,116.992
LA FAMA (with The Weeknd),"ROSALÍA, The Weeknd",32,136.016
DANÇARINA,"PEDRO SAMPAIO, Mc Pedrinho",32,134.999
Better Days (NEIKED x Mae Muller x Polo G),"NEIKED, Mae Muller, Polo G",32,110.054
"Kesariya (From ""Brahmastra"")","Pritam, Arijit Singh, Amitabh Bhattacharya",33,94.009
Malvadão 3,"Xamã, Gustah, Neo Beats",33,133.133
I'M THAT GIRL,Beyoncé,33,105.865
Mon Amour - Remix,"zzoilo, Aitana",34,116.041
ENERGY (feat. Beam),"Beyoncé, BEAM",34,114.991
Dandelions,Ruth B.,35,116.959
Softcore,The Neighbourhood,35,93.986
Cúrame,Rauw Alejandro,35,102.101
Starry Eyes,The Weeknd,35,134.23
Eazy,"The Game, Kanye West",35,82.393
Ferrari,"James Hype, Miggy Dela Rosa",36,125.004
Rolling in the Deep,Adele,36,104.948
Get Into It (Yuh),Doja Cat,36,91.942
Mount Everest,Labrinth,36,87.724
Nail Tech,Jack Harlow,36,150.127
Dua Lipa,Jack Harlow,37,158.022
Ya No Somos Ni Seremos,Christian Nodal,37,139.953
"Tiago PZK: Bzrp Music Sessions, Vol. 48","Bizarrap, Tiago PZK",37,96.474
Arson,j-hope,37,99.992
Currents,Drake,38,122.013
she's all i wanna be,Tate McRae,38,160.036
Don't Be Shy,"Tiësto, KAROL G",38,119.986
CHURCH GIRL,Beyoncé,39,92.028
MANIAC,Stray Kids,39,89.925
PUFFIN ON ZOOTIEZ,Future,40,124.992
Nostálgico,"Rvssian, Rauw Alejandro, Chris Brown",40,98.026
Miénteme,"TINI, Maria Becerra",41,92.003
Photograph,Ed Sheeran,41,107.989
Rich - Interlude,Kendrick Lamar,41,91.589
Sobrio,Maluma,41,177.998
Die For You,The Weeknd,41,133.629
ULTRA SOLO,"Polimá Westcoast, Pailita",42,109.982
Hope,XXXTENTACION,42,146.04
OUT OUT (feat. Charli XCX & Saweetie),"Joel Corry, Jax Jones, Charli XCX, Saweetie",42,123.97
All For Us,"Labrinth, Zendaya",43,141.722
Born Singer,BTS,43,157.937
Ginseng Strip 2002,Yung Lean,44,114.998
ULTRA SOLO REMIX,"Polimá Westcoast, Pailita, Feid, Paloma Mami, De La Ghetto",44,109.97
The Nights,Avicii,44,125.983
"Lose Yourself - From ""8 Mile"" Soundtrack",Eminem,44,171.355
Golden,Harry Styles,44,139.863
Ley Seca,"Jhay Cortez, Anuel AA",44,105.059
The Heart Part 5,Kendrick Lamar,44,97.405
CANDY,ROSALÍA,44,179.905
"Villano Antillano: Bzrp Music Sessions, Vol. 51","Bizarrap, Villano Antillano",45,127.999
Starlight,Dave,45,124.026
Talking to the Moon,Bruno Mars,45,145.867
Hati-Hati di Jalan,Tulus,45,71.969
Super Gremlin,Kodak Black,45,72.993
Sigue,"J Balvin, Ed Sheeran",45,87.99
Tacones Rojos,Sebastian Yatra,45,123.014
SUMMER RENAISSANCE,Beyoncé,46,120.004
Medallo,"Blessd, Justin Quiles, Lenny Tavárez",48,90.02
Do We Have A Problem?,"Nicki Minaj, Lil Baby",48,119.993
I'M ON ONE (feat. Drake),"Future, Drake",48,76.977
Flight's Booked,Drake,49,122.584
This Love (Taylor’s Version),Taylor Swift,50,144.039
Lost,Frank Ocean,50,123.061
COZY,Beyoncé,50,149.147
The Real Slim Shady,Eminem,51,104.504
LOVE DIVE,IVE,51,117.941
Bored,Billie Eilish,51,119.959
I AM WOMAN,Emmy Meli,51,170.084
The Hills,The Weeknd,52,113.003
Levitating,Dua Lipa,52,103.014
Leave Before You Love Me (with Jonas Brothers),"Marshmello, Jonas Brothers",52,119.976
A Tu Merced,Bad Bunny,52,92.023
Entre Nosotros (Remix) [con Nicki Nicole],"Tiago PZK, LIT killah, Maria Becerra, Nicki Nicole",53,170.106
Mr. Morale,"Kendrick Lamar, Tanna Leone",53,174.025
La Llevo Al Cielo (Ft. Ñengo Flow),"Chris Jedi, Anuel AA, Chencho Corleone, Ñengo Flow",53,170.023
Cash In Cash Out,"Pharrell Williams, 21 Savage, Tyler, The Creator",53,119.971
Jordan,Ryan Castro,53,179.923
cómo dormiste?,Rels B,53,126.426
Still Don't Know My Name,Labrinth,53,89.643
Crown,Kendrick Lamar,54,173.329
NEW MAGIC WAND,"Tyler, The Creator",54,139.566
Hot Shit (feat. Ye & Lil Durk),"Cardi B, Kanye West, Lil Durk",54,157.003
In The Stars,Benson Boone,54,78.007
A Tale By Quincy,The Weeknd,54,67.289
It'll Be Okay,Shawn Mendes,55,78.262
Don’t Break My Heart,The Weeknd,55,121.959
Freaks,Surf Curse,55,179.626
TO THE MOON,"Jnr Choi, Sam Tompkins",55,144.047
The Night We Met,Lord Huron,55,87.01
Chance,Paulo Londra,56,137.915
Excuses,"AP Dhillon, Gurinder Gill, Intense",56,94.984
505,Arctic Monkeys,57,140.267
Normal,Feid,57,170.079
City of Gods,"Fivio Foreign, Kanye West, Alicia Keys",57,147.356
Churchill Downs (feat. Drake),"Jack Harlow, Drake",57,96.448
The Feels,TWICE,57,120.044
Malvada,Zé Felipe,58,134.947
"Cayó La Noche (feat. Cruz Cafuné, Abhir Hathi, Bejo, EL IMA) [Remix]","La Pantera, Quevedo, Juseph, Abhir Hathi, Bejo, Cruz Cafuné, EL IMA",58,173.974
RUMBATÓN,Daddy Yankee,58,95.004
Angel Baby,Troye Sivan,59,72.498
Beautiful Girl,Luciano,59,139.901
Are You Entertained (feat. Ed Sheeran),"Russ, Ed Sheeran",60,130.063
La Zona,Bad Bunny,60,93.992
712PM,Future,61,146.971
Intro,Drake,61,125.501
Cool for the Summer,Demi Lovato,61,114.06
Auntie Diaries,Kendrick Lamar,61,127.544
Layla,"DJ Robin, Schürze",61,140.082
Enchanted,Taylor Swift,61,81.975
Love Yourself,Justin Bieber,62,100.418
Every Angel is Terrifying,The Weeknd,62,118.167
Revenge,XXXTENTACION,63,139.999
Bones,Imagine Dragons,63,114.071
Yo Voy (feat. Daddy Yankee),Zion & Lennox,63,95.06
The 30th,Billie Eilish,64,82.987
House of Memories,Panic! At The Disco,64,109.952
ARASAN DA,UZI,65,105.978
Vai Lá Em Casa Hoje,"George Henrique & Rodrigo, Marília Mendonça",66,157.628
Dark Red,Steve Lacy,66,172.041
Notion,The Rare Occasions,67,159.488
Esqueça-Me Se For Capaz,"Marília Mendonça, Maiara & Maraisa",67,122.013
Formula,Labrinth,68,144.654
Overdrive,Drake,68,109.739
POP!,NAYEON,68,97.001
Wrapped Around Your Finger,Post Malone,69,119.966
Numb Little Bug,Em Beihold,69,84.974
Happier Than Ever - Edit,Billie Eilish,70,161.74
High,The Chainsmokers,70,134.981
Lemon Tree,Post Malone,71,116.106
psychofreak (feat. WILLOW),"Camila Cabello, WILLOW",71,179.989
maybe (feat. Bring Me The Horizon),"Machine Gun Kelly, Bring Me The Horizon",72,176.105
Mal Feito - Ao Vivo,"Hugo & Guilherme, Marília Mendonça",72,123.942
Flowers,Lauren Spencer Smith,72,66.165
Don’t Blame Me,Taylor Swift,72,135.917
Salimo de Noche,"Tiago PZK, Trueno",72,83.803
Down Under (feat. Colin Hay),"Luude, Colin Hay",72,171.835
Ojos Marrones,Lasso,72,120.014
Savior - Interlude,Kendrick Lamar,73,117.125
IDGAF (with blackbear),"BoyWithUke, blackbear",74,97.953
Reputation,Post Malone,74,180.119
Chale,Eden Muñoz,75,188.651
SLOW DANCING IN THE DARK,Joji,75,88.964
Toma Toma Vapo Vapo,"Zé Felipe, Mc Danny",75,164.055
Wasting Angels (with The Kid LAROI),"Post Malone, The Kid LAROI",75,84.967
Caile,Luar La L,75,121.737
Mirror,Kendrick Lamar,76,91.933
ACORDA PEDRINHO,Jovem Dionisio,77,124.016
Sometimes,Juice WRLD,77,121.987
In Da Club,50 Cent,77,90.051
VIRGO'S GROOVE,Beyoncé,77,107.988
Belly Dancer,"Imanbek, BYOR",77,121.985
Betty (Get Money),Yung Gravy,78,102.004
Black Summer,Red Hot Chili Peppers,79,105.542
DANCE CRIP,Trueno,79,106.024
Mother I Sober (feat. Beth Gibbons of Portishead),"Kendrick Lamar, Beth Gibbons",79,140.012
Me Arrepentí,"Ak4:20, Pailita, Cris Mj",80,92.031
SAOKO,ROSALÍA,80,99.988
No Lie,"Sean Paul, Dua Lipa",80,102.04
'Till I Collapse,"Eminem, Nate Dogg",81,171.447
P power (feat. Drake),"Gunna, Drake",81,119.251
Vampiro,"Matuê, WIU, Teto",82,114.994
Freaky Deaky,"Tyga, Doja Cat",83,104.019
chaotic,Tate McRae,83,81.493
Pass The Dutchie,Musical Youth,85,149.724
KEEP IT BURNIN (feat. Kanye West),"Future, Kanye West",85,87.395
PLASTIC OFF THE SOFA,Beyoncé,85,97.057
"Stay With Me (with Justin Timberlake, Halsey, & Pharrell)","Calvin Harris, Justin Timberlake, Halsey, Pharrell Williams",86,125.975
"Stay With Me (with Justin Timberlake, Halsey & Pharrell)","Calvin Harris, Justin Timberlake, Halsey, Pharrell Williams",86,125.975
Late To Da Party (F*CK BET) (feat. YoungBoy Never Broke Again),"Lil Nas X, YoungBoy Never Broke Again",86,149.956
I Cannot Be (A Sadder Song) (with Gunna),"Post Malone, Gunna",86,79.782
The Next Episode,"Dr. Dre, Snoop Dogg",86,95.295
I'M DAT N****,Future,86,144.026
Si Te La Encuentras Por Ahí,Feid,86,171.945
The Family Madrigal,"Stephanie Beatriz, Olga Merediz, Encanto - Cast",87,141.391
Tie That Binds,Drake,87,120.017
ZOOM,Jessi,89,100.012
212,"Chefin, Mainstreet",89,154.037
Down Hill,Drake,89,109.994
SUPERMODEL,Måneskin,89,120.983
Peru,"Fireboy DML, Ed Sheeran",89,108.015
Tom's Diner,"AnnenMayKantereit, Giant Rooks",90,98.222
Acapulco,Jason Derulo,90,122.062
Watercolor Eyes - From “Euphoria” An HBO Original Series,Lana Del Rey,90,120.443
You Proof,Morgan Wallen,91,119.706
make up sex (feat. blackbear),"Machine Gun Kelly, blackbear",91,131.986
Phantom Regret by Jim,The Weeknd,92,110.113
Mujeriego,Ryan Castro,92,79.949
Only Love Can Hurt Like This,Paloma Faith,93,90.99
HEATED,Beyoncé,93,110.952
Last Last,Burna Boy,93,87.925
TUS LÁGRIMAS,"Mora, Sech",93,173.963
thought i was playing,"Gunna, 21 Savage",94,148.038
LOKERA,"Rauw Alejandro, Lyanno, Brray",95,102.019
So Good,Halsey,95,164.998
Liability,Drake,96,105.013
MOVE (feat. Grace Jones & Tems),"Beyoncé, Grace Jones, Tems",96,118.028
Don't Think Jesus,Morgan Wallen,96,116.979
İmdat,cakal,97,133.967
Soy El Unico,Yahritza Y Su Esencia,97,84.396
Die Young (feat. 347aidan),"Sleepy Hallow, 347aidan",97,77.471
Insane,Post Malone,97,82.546
Mr. Brightside,The Killers,98,148.033
Bar,"TINI, L-Gante",99,94.148
We Made It,"t-low, Miksu / Macloud",99,116.049
Daddy Issues,The Neighbourhood,99,85.012
Pantysito,"Alejo, Feid, ROBI",99,97.993
Pipoco,"Ana Castela, Melody, Dj Chris No Beat",100,134.991
Christmas Tree,V,100,139.009
Sweet Child O' Mine,Guns N' Roses,101,125.116
Never Sleep (with Lil Baby feat. Travis Scott),"NAV, Lil Baby, Travis Scott",101,139.957
What Else Can I Do?,"Diane Guerrero, Stephanie Beatriz",101,119.974
Yellow,Coldplay,101,173.372
DARARI,TREASURE,102,84.955
THIQUE,Beyoncé,102,128.955
ELEVEN,IVE,103,119.978
I Wanna Be Yours,Arctic Monkeys,103,67.528
Right On,Lil Baby,103,165.991
Why'd You Only Call Me When You're High?,Arctic Monkeys,104,92.004
Dos Oruguitas,Sebastian Yatra,104,93.788
attention,"Omah Lay, Justin Bieber",104,119.989
Botadinha Saliente,MC Rogerinho,105,119.959
Everybody Wants To Rule The World,Tears For Fears,105,112.067
Plan A,Paulo Londra,106,173.935
Bloqueado - Ao Vivo,Gusttavo Lima,106,129.092
Parada Louca,"Mari Fernandez, Marcynho Sensação",107,166.034
Boys Don't Cry,Anitta,107,164.163
Pope Is a Rockstar,SALES,108,90.024
All For Us - from the HBO Original Series Euphoria,"Labrinth, Zendaya",108,70.956
Take Me To Church,Hozier,108,128.945
Smells Like Teen Spirit,Nirvana,109,116.731
Pasoori,"Shae Gill, Ali Sethi",109,91.991
Stefania (Kalush Orchestra),KALUSH,109,104.985
Every Breath You Take,The Police,109,117.401
CACHORRINHAS,Luísa Sonza,109,98.119
All of Me,John Legend,110,119.93
Thunder,"Gabry Ponte, LUM!X, Prezioso",110,101.216
Se Le Ve,"Dímelo Flow, Dalex, Sech, Justin Quiles, Arcangel, De La Ghetto, Lenny Tavárez",110,83.997
Hold My Hand,Lady Gaga,110,148.009
Night Changes,One Direction,111,120.001
emo girl (feat. WILLOW),"Machine Gun Kelly, WILLOW",111,165.012
Sharks,Imagine Dragons,111,123.969
Locked out of Heaven,Bruno Mars,111,143.986
After Dark,Mr.Kitty,112,140.019
That's Hilarious,Charlie Puth,112,108.039
Love Grows (Where My Rosemary Goes),Edison Lighthouse,112,108.625
Ovunque Sarai,Irama,112,79.133
Unstoppable,Sia,112,173.799
L’enfer,Stromae,113,177.595
Sky,Playboi Carti,113,139.98
Si Quieren Frontear,"Duki, De La Ghetto, Quevedo",113,81.536
No Role Modelz,J. Cole,113,100.028
Numb,"Marshmello, Khalid",114,119.966
Feel My Rhythm,Red Velvet,114,157.964
ay! (feat. Lil Wayne),"Machine Gun Kelly, Lil Wayne",114,147.008
PURE/HONEY,Beyoncé,114,123.973
Just A Cloud Away,Pharrell Williams,115,112.555
Love/Hate Letter To Alcohol (with Fleet Foxes),"Post Malone, Fleet Foxes",115,108.007
Gangsta's Paradise,"Coolio, L.V.",116,79.975
Where Did You Go? (feat. MNEK),"Jax Jones, MNEK",116,127.034
Counting Stars,OneRepublic,117,122.016
10 Things I Hate About You,Leah Kate,117,153.967
Do I Wanna Know?,Arctic Monkeys,117,85.03
Alien Blues,Vundabar,118,82.282
Hrs & Hrs,Muni Long,119,139.885
LA INOCENTE,"Mora, Feid",121,91.911
Distraction,Polo G,121,156.934
Riptide,Vance Joy,122,101.654
Fuera del mercado,Danny Ocean,122,92.06
Bussin,"Nicki Minaj, Lil Baby",122,139.972
Summertime Sadness,Lana Del Rey,122,111.945
sentaDONA (Remix) s2,"Davi Kneip, Mc Frog, Dj Gabriel do Borel, Luísa Sonza",123,135.02
Thought You Should Know,Morgan Wallen,123,139.993
Iris,The Goo Goo Dolls,124,155.925
Every Summertime,NIKI,124,78.996
Bandido,"Zé Felipe, MC Mari",125,120.018
Atlantis,Seafret,126,166.159
Crazy What Love Can Do,"David Guetta, Becky Hill, Ella Henderson",127,122.872
Demasiadas Mujeres,C. Tangana,127,126.043
Thinking with My Dick (feat. Juicy J),"Kevin Gates, Juicy J",128,81.003
El Rescate,"Grupo Marca Registrada, Junior H",129,99.238
Pandora,"DJ Matt D, Menor MC, MC GP, Vulgo FK",129,124.553
Depende,"Dj Guuga, Wesley Safadão, Zé Felipe",129,130.027
París,"Morat, Duki",130,138.014
Calm Down,Rema,130,107.003
Blank Space,Taylor Swift,130,95.997
"Elliot's Song - From ""Euphoria"" An HBO Original Series","Dominic Fike, Zendaya",130,93.358
2step (feat. Lil Baby),"Ed Sheeran, Lil Baby",131,95.055
LOVE YOU BETTER,Future,131,75.494
up at night (feat. justin bieber),"Kehlani, Justin Bieber",131,100.012
Just the Way You Are,Bruno Mars,133,109.021
Swim,Chase Atlantic,134,120.134
Apocalypse,Cigarettes After Sex,135,94.473
From The D 2 The LBC (with Snoop Dogg),"Eminem, Snoop Dogg",135,82.037
Miserable Man,David Kushner,135,109.981
Mary On A Cross,Ghost,135,130.02
When I’m Gone (with Katy Perry),"Alesso, Katy Perry",135,125.034
Payphone,"Maroon 5, Wiz Khalifa",136,110.015
Attention,NewJeans,137,104.988
Stan,"Eminem, Dido",138,80.063
Wait a Minute!,WILLOW,138,101.003
FOR A NUT (feat. Gunna & Young Thug),"Future, Gunna, Young Thug",139,82.037
Fim de Semana no Rio,Teto,139,118.868
The Foundations of Decay,My Chemical Romance,140,150.15
Nos Comemos (feat. Ozuna),"Tiago PZK, Ozuna",140,92.017
Ai Preto,"L7NNON, DJ Biel do Furduncinho, Bianca",140,129.947
25k jacket (feat. Lil Baby),"Gunna, Lil Baby",141,115.013
295,Sidhu Moose Wala,141,91.366
this is what falling in love feels like,JVKE,142,128.983
Money Trees,"Kendrick Lamar, Jay Rock",143,71.994
Don't Play That,"King Von, 21 Savage",144,129.988
See You Again (feat. Kali Uchis),"Tyler, The Creator, Kali Uchis",144,78.558
alotta cake,Gunna,146,120.078
Still Life,BIGBANG,148,118.06
ALL UP IN YOUR MIND,Beyoncé,148,135.869
En El Radio Un Cochinero,Victor Cibrian,148,154.028
FEARLESS,LE SSERAFIM,149,103.971
Can't Hold Us (feat. Ray Dalton),"Macklemore & Ryan Lewis, Macklemore, Ryan Lewis, Ray Dalton",149,146.097
San Lucas,Kevin Kaarl,149,91.511
Hot In It,"Tiësto, Charli XCX",150,123.045
Afraid To Feel,LF SYSTEM,150,127.87
Ciao Ciao,La rappresentante di lista,151,117.994
Carolina - From The Motion Picture “Where The Crawdads Sing”,Taylor Swift,152,115.851
AMERICA HAS A PROBLEM,Beyoncé,152,126.035
CHICKEN TERIYAKI,ROSALÍA,152,97.936
Baile no Morro,"MC Tairon, Mc Vitin Da Igrejinha, Dj Win",154,130.088
No Ouvidinho,Felipe Amorim,154,124.018
Waiting On A Miracle,Stephanie Beatriz,155,190.066
Nobody Like U,"4*TOWN (From Disney and Pixar’s Turning Red), Jordan Fisher, Finneas O'Connell, Topher Ngo, Grayson Villanueva, Josh Levi",157,105.026
La Loto,"TINI, Becky G, Anitta",157,90.009
Polaroid Love,ENHYPEN,158,138.055
Me and Your Mama,Childish Gambino,158,117.996
Problemón,"Alvaro Diaz, Rauw Alejandro",158,91.906
D.M.B.,A$AP Rocky,159,140.014
mop (feat. Young Thug),"Gunna, Young Thug",160,144.918
THE SHADE,Rex Orange County,161,119.869
Murder In My Mind,Kordhell,163,119.966
Everlong,Foo Fighters,164,158.066
Nerdesin,Ezhel,164,100.004
Just a Cloud Away,Pharrell Williams,165,112.56
REMIX,Daddy Yankee,166,100.062
2 Be Loved (Am I Ready),Lizzo,167,155.932
Get Lucky (feat. Pharrell Williams & Nile Rodgers) - Radio Edit,"Daft Punk, Pharrell Williams, Nile Rodgers",167,116.047
Stargirl Interlude,"The Weeknd, Lana Del Rey",168,89.965
Hype Boy,NewJeans,171,99.976
Balanço da Rede,"Matheus Fernandes, Xand Avião",171,140.072
Enemy - From the series Arcane League of Legends,"Imagine Dragons, Arcane, League of Legends",171,77.029
Antes de Perderte,Duki,173,110.031
JGL,"La Adictiva Banda San José de Mesillas, Luis R Conriquez",173,112.852
Space Song,Beach House,174,147.067
"Sex, Drugs, Etc.",Beach Weather,175,143.969
Love Lost,"Mac Miller, The Temper Trap",175,109.835
Te Amo Demais,Marília Mendonça,177,114.023
When I’m Alone,Post Malone,177,140.107
LOOSE CHANGE,Brent Faiyaz,178,84.975
SloMo,Chanel,179,104.962
BIZCOCHITO,ROSALÍA,180,116.972
INSUPERABILE,Rkomi,180,122.035
MASSAGING ME,Future,180,145.007
vice city,XXXTENTACION,181,87.023
farfalle,sangiovanni,181,120.016
When I Was Your Man,Bruno Mars,181,145.494
TOUT VA BIEN (feat. Ninho & Naps),"Alonzo, Ninho, Naps",183,99.937
Scrape It Off (feat. Lil Uzi Vert & Don Toliver),"Pusha T, Lil Uzi Vert, Don Toliver",184,106.726
Monëy so big,Yeat,184,138.016
s!r! (feat. Lazza & Sfera Ebbasta),"thasup, Lazza, Sfera Ebbasta",185,149.959
Forever,Labrinth,185,79.983
HENTAI,ROSALÍA,186,124.279
SPACE MAN,Sam Ryder,186,79.978
Molhando o Volante,Jorge & Mateus,186,130.183
I'd Do Anything To Make You Smile,Jack Harlow,187,150.044
Ella - Remix,"Boza, Lunay, Lenny Tavárez, Juhn, Beéle",188,180.062
ALL MINE,Brent Faiyaz,188,141.967
DON'T YOU WORRY,"Black Eyed Peas, Shakira, David Guetta",189,131.967
TOMBOY,(G)I-DLE,189,124.032
GOLD STACKS,Future,190,181.856
WA DA DA,Kep1er,191,126.004
Euthanasia,Post Malone,191,141.997
When I R.I.P.,Labrinth,192,87.614
Worst Day,Future,192,88.506
The Rumbling (TV Size),SiM,192,144.975
PARA SIEMPRE,"Daddy Yankee, Sech",193,90.015
Come Back Home,Sofia Carson,193,144.946
The Kind of Love We Make,Luke Combs,194,102.025
die first,Nessa Barrett,194,183.441
ABALO EMOCIONAL - Ao Vivo,Luan Santana,194,185.936
Demons,Imagine Dragons,194,89.938
Hold That Heat (feat. Travis Scott),"Southside, Future, Travis Scott",196,130.045
Si Estuviésemos Juntos,Bad Bunny,197,171.854
Heartless,Kanye West,198,87.999
Paris to Tokyo,"Fivio Foreign, The Kid LAROI",198,146.733
Sehnsucht,"Miksu / Macloud, t-low",200,142.09
